gene_id	baseMean	log2FoldChange	lfcSE	pvalue	padj
ENSMUSG00000010044	35.1176188251015	1.06725425393584	0.695150788889657	2.06207367482054e-05	0.009447178978804
ENSMUSG00000019464	21.860586370979	-1.31008209336158	1.33780123326875	0.000129908927573	0.0246115881943039
ENSMUSG00000024256	13.1603747296166	-1.35243426599909	1.56458976713009	0.0001949067615881	0.0307713324128436
ENSMUSG00000026343	20.4303842873966	-2.26493261102712	2.41813028598662	0.0001391349149677	0.0252944464605091
ENSMUSG00000027004	40.2425152840184	-1.16390576892391	1.41362278733927	0.0002168570683045	0.0323157536530613
ENSMUSG00000028497	30.6386536058503	-1.1465351600297	1.33979594286706	0.0001908805969195	0.0305833793438842
ENSMUSG00000029151	48.1722390710086	-1.55878279149083	1.97526398315615	0.0002436079965183	0.0342535681354465
ENSMUSG00000030159	6.98079791041059	-4.88386866029358	2.43411415040069	1.25922445134987e-05	0.0073108134436758
ENSMUSG00000032532	67.4638900811074	-1.96062836215604	0.78879373197689	5.83816395514816e-06	0.0042425445653046
ENSMUSG00000032925	19.5488997368758	-3.52278023634489	1.58646017469841	1.51221840717547e-05	0.0085052834038575
ENSMUSG00000034009	13.0437180070984	-3.79439531519561	1.30818122986699	6.12880090554072e-06	0.0042425445653046
ENSMUSG00000035033	76.6496126519648	-2.76620166164317	1.60548593128113	3.17414431564562e-05	0.011425649878598
ENSMUSG00000035202	527671.009080129	-7.51349840815119	1.9398637911495	2.64724235052214e-07	0.0011795685652083
ENSMUSG00000035456	11.3785603948933	-2.23632551249732	1.8035242351097	7.73898644574545e-05	0.0199604097474799
ENSMUSG00000037225	101.149380706149	-1.10670221006313	0.791806654997487	3.08854529058409e-05	0.011425649878598
ENSMUSG00000037362	96.7115769564431	-1.08450424340054	1.07975466244497	0.0001073336705974	0.0226747879550219
ENSMUSG00000038255	26.5403543071192	-1.60447984922181	1.57067153517903	0.0001243886364749	0.0240725449384572
ENSMUSG00000039552	28.7928485798628	1.05101300114395	1.13795447984488	0.0001422402830653	0.0254727649731605
ENSMUSG00000040372	71.5305444213002	-1.46529494989483	0.601331410910537	3.42931527353293e-06	0.0033781956293256
ENSMUSG00000041498	7.45046365637416	-3.55248924312413	1.33580856190843	8.43511696759709e-06	0.0054219726851004
ENSMUSG00000045776	29.4488512271173	-1.89220738376056	3.20383922962346	0.0001158134072899	0.0234203337573586
ENSMUSG00000047485	30.1920291874751	-6.15422377396827	1.45973271398701	4.2996909432176e-07	0.0011795685652083
ENSMUSG00000060445	45.9387007997779	-1.32319685577339	0.819429163489878	1.98596348584866e-05	0.009447178978804
ENSMUSG00000064352	6.32049163896066	-3.07679987190272	2.90178566164301	7.42098705408164e-05	0.0196416066175531
ENSMUSG00000065922	658.617725583098	-6.72357552784267	2.71537255181141	2.35333321930678e-06	0.0028236860854055
ENSMUSG00000070570	598.616956466258	-2.53100153349552	1.77261073547027	5.3295754112693e-05	0.0159869497086708
ENSMUSG00000070601	8.34930597585297	-1.27610106538915	1.38193836222472	0.0001557030449366	0.0274739549291139
ENSMUSG00000073867	46.5357566091711	-3.2311134269942	0.735433806909258	5.79303153257556e-07	0.0011795685652083
ENSMUSG00000074782	30.9088731426118	-4.06002596605639	0.698974803153824	2.8573280533232704e-09	2.57130951518561e-05
ENSMUSG00000078143	13.4489847699445	-3.72616601020465	2.11609853821832	2.69070844036557e-05	0.0109545405625307
ENSMUSG00000083718	10.5449712551409	-5.57228963384704	2.21101897840323	5.30965003661772e-06	0.0041930345152537
ENSMUSG00000084947	6.43642221176514	-2.8554914639225	3.14392602487834	8.36345072588967e-05	0.020906303633967
ENSMUSG00000085125	28.7521277703485	-1.23660395891574	0.984746604527352	5.0981819058377e-05	0.0158448678749713
ENSMUSG00000085425	10.8227211073132	-2.05395022732192	2.3145612263124	0.0001656950297367	0.028133765520773
ENSMUSG00000085830	12.2471837110636	-5.94998350794251	2.20075703125601	3.52525453103589e-06	0.0033781956293256
ENSMUSG00000085838	38.5510435751466	-3.31913993665039	1.98957314827379	3.35704062408073e-05	0.0116192340677317
ENSMUSG00000085886	8.8143859163442	-3.22428761862885	2.46603447492617	5.64579259633894e-05	0.0166578647785096
ENSMUSG00000085944	10.2152502536135	-4.19804849073838	2.31177350193755	2.12944098759654e-05	0.009447178978804
ENSMUSG00000086128	16.4298154372888	-1.85496610394161	2.59097086560091	0.0002190533362414	0.0323157536530613
ENSMUSG00000086739	10.4743068275909	-4.34002994348577	2.78901628682085	2.4638623781361e-05	0.0105582369242128
ENSMUSG00000086924	8.00315115924514	-2.32857527097951	2.56192815513678	0.0001380620093486	0.0252944464605091
ENSMUSG00000087002	4.93582388015357	-2.09970375738107	2.88471593968504	0.0001606678235566	0.0276491326716819
ENSMUSG00000087644	49.174769257315	-4.12674191521806	2.13894508804781	1.93155192827751e-05	0.009447178978804
ENSMUSG00000089798	20.7920924003109	-1.57377738180506	0.929418177076271	2.02501796100147e-05	0.009447178978804
ENSMUSG00000090546	267.483814786255	-27.5033544182225	2.65693372339866	1.51413613640114e-25	2.72514221829476e-21
ENSMUSG00000090608	4.54986172784093	-2.06217020808514	2.81834264427596	0.0001712006276365	0.0287216379804947
ENSMUSG00000090625	94.1858249434161	-1.27958965377998	2.05875861583373	0.0004053563498133	0.0479973919996095
ENSMUSG00000091021	16.3014355411052	-2.19454152830725	2.11670306730043	0.0001199772924686	0.0237291352730943
ENSMUSG00000092267	39.4776778463007	-4.26654713609964	2.69009837267237	2.5343561684236e-05	0.0106077540277414
ENSMUSG00000096740	45.995671210234	-1.96151525388426	1.2057576498098	3.05913696939504e-05	0.011425649878598
ENSMUSG00000096947	198.534211721141	-6.77861212020354	1.77409973331185	5.44604253193054e-07	0.0011795685652083
ENSMUSG00000096972	7.733785096424	-5.48681106917151	2.14082721896182	5.35836169856857e-06	0.0041930345152537
ENSMUSG00000097006	48.2486379864239	-2.62398520947578	1.81486449119359	5.15837321763813e-05	0.0158448678749713
ENSMUSG00000097078	21.5809131064684	-4.0022663008278	0.985126137846632	1.15496281357882e-06	0.0018897291562537
ENSMUSG00000097109	15.823818811701	-5.85561100178183	1.09870707826249	1.56039694645464e-08	9.36134141409688e-05
ENSMUSG00000097142	46.8784346802917	-4.9278982074217	2.16571772140881	9.54442931311471e-06	0.0059234703026702
ENSMUSG00000097274	38.0533823221217	-2.2075875626014	1.18637369655826	2.15209655590047e-05	0.009447178978804
ENSMUSG00000097340	18.5752838372643	-1.54744761135375	2.79261946572322	0.0002183059727455	0.0323157536530613
ENSMUSG00000097367	16.7193652585685	-3.33013119708173	1.67614367489981	2.11669281826355e-05	0.009447178978804
ENSMUSG00000097479	70.3757107719999	-4.80851288020448	1.1173182282633	6.48984766561173e-07	0.0011795685652083
ENSMUSG00000097518	6.67564473255475	-1.42082694369256	2.31637741660607	0.000351477219626	0.0428632177853529
ENSMUSG00000097554	135.610960878968	-3.15193715529588	2.08306892058727	4.35538477333577e-05	0.0145163361389809
ENSMUSG00000097698	27.2710778821328	-2.21006629762106	3.24542187424991	0.0001067446585199	0.0226747879550219
ENSMUSG00000097723	3.55846520774583	-1.330941372975	2.41734179345025	0.0003647066091199	0.0437599303396008
ENSMUSG00000097799	21.4234199051579	-2.33928566013361	1.9749463671705	8.68567153290901e-05	0.0214143446916844
ENSMUSG00000097872	34.0574526274581	-4.73088107024507	2.12056288414069	1.09408310743966e-05	0.0065637692558996
ENSMUSG00000097879	34.942279975246	-1.32224797610717	1.81271049007593	0.0003041031243149	0.0393495771187673
ENSMUSG00000098973	3482.56125653173	-6.10012646134512	2.36943974756424	3.56626941644554e-06	0.0033781956293256
ENSMUSG00000102240	11.7866879959099	-1.29969063336976	1.63659894042222	0.0002463808630982	0.0343749052251351
ENSMUSG00000102349	226.326475656521	-4.23824930566543	2.08147340964303	1.64338607220911e-05	0.0089629280386726
ENSMUSG00000102425	8.88594174278103	-1.60225561891437	2.13927827247401	0.0002624726737586	0.0353316271225768
ENSMUSG00000102969	18.5541794075487	-4.3177546084383	1.50230916825016	5.9196266228698e-06	0.0042425445653046
ENSMUSG00000103914	16.1434336075692	-1.73785283698999	1.5281580037583	9.23813011183201e-05	0.0218433266994124
ENSMUSG00000105620	32.7154256257842	-2.62048771903334	3.08103604173632	0.0001015659835445	0.0225677107633908
ENSMUSG00000105881	17.2675736123867	-1.25201570497816	1.54820933162925	0.0002329995761562	0.0338292113096906
ENSMUSG00000106106	2749497.14416611	-1.93747307767399	2.48301878978963	0.0002018268864852	0.0310904826020133
ENSMUSG00000106448	18.5876282131524	-2.5175323972554	3.25895357512833	9.43077594166151e-05	0.0218433266994124
ENSMUSG00000106631	11.1274740580345	-1.98941381229376	1.6217736922164	7.76324415114785e-05	0.0199604097474799
ENSMUSG00000107310	14.4188753435335	-2.68296746851721	2.42625490133811	9.14170126776561e-05	0.0218433266994124
